,name,party,state,SGID,thomas_id,bioguide_id,congress,number_of_bills,share_of_bills,share_of_signatures_received_111_115,share_of_signatures_given_111_115,engagement_score,eigenvector_centrality
0,"Barton, Joe",Republican,TX,62,62,B000213,115,7,0.001013465,0.002598237,0.001687945,0.005299647,0.0501139
1,"Becerra, Xavier",Democrat,CA,70,70,B000287,115,0,0,0.001087146,0.000960019,0.002047165,0.000445136
2,"Bishop, Sanford D., Jr.",Democrat,GA,91,91,B000490,115,4,0.000579123,0.001322204,0.003458178,0.005359505,0.044444009
3,"Blumenauer, Earl",Democrat,OR,99,99,B000574,115,29,0.004198639,0.004764133,0.006384653,0.015347426,0.060363497
4,"Calvert, Ken",Republican,CA,166,165,C000059,115,12,0.001737368,0.00137887,0.002962344,0.006078582,0.040634325
5,"Chabot, Steve",Republican,OH,187,186,C000266,115,28,0.004053858,0.00272626,0.002542468,0.009322586,0.055961459
6,"Clyburn, James E.",Democrat,SC,210,208,C000537,115,8,0.001158245,0.001448129,0.001095055,0.003701428,0.031874053
7,"Conyers, John, Jr.",Democrat,MI,231,229,C000714,115,21,0.003040394,0.007813599,0.006215859,0.017069851,0.046448986
8,"Cooper, Jim",Democrat,TN,233,231,C000754,115,8,0.001158245,0.001431339,0.00185885,0.004448434,0.036899315
9,"Cummings, Elijah E.",Democrat,MD,258,256,C000984,115,18,0.002606052,0.002102935,0.003905484,0.00861447,0.044239119
10,"DeFazio, Peter A.",Democrat,OR,282,279,D000191,115,36,0.005212104,0.004417842,0.004200874,0.013830819,0.063009394
11,"DeLauro, Rosa L.",Democrat,CT,284,281,D000216,115,38,0.005501665,0.014300795,0.003922363,0.023724823,0.053708746
12,"Doggett, Lloyd",Democrat,TX,306,303,D000399,115,18,0.002606052,0.005427334,0.002485499,0.010518886,0.047092198
13,"Doyle, Michael F.",Democrat,PA,319,316,D000482,115,5,0.000723903,0.002581447,0.002783,0.00608835,0.054518098
14,"Duncan, John J., Jr.",Republican,TN,325,322,D000533,115,14,0.002026929,0.001357883,0.002829418,0.006214231,0.028622032
15,"Engel, Eliot L.",Democrat,NY,347,344,E000179,115,42,0.006080788,0.007324593,0.003856955,0.017262335,0.069181373
16,"Eshoo, Anna G.",Democrat,CA,358,355,E000215,115,13,0.001882149,0.004417842,0.004131246,0.010431237,0.05855066
17,"Frelinghuysen, Rodney P.",Republican,NJ,418,414,F000372,115,1,0.000144781,0.000386168,0.001303938,0.001834886,0.018183835
18,"Goodlatte, Bob",Republican,VA,450,446,G000289,115,25,0.003619516,0.007773723,0.002206989,0.013600227,0.045750109
19,"Green, Gene",Democrat,TX,466,462,G000410,115,8,0.001158245,0.003328597,0.003565785,0.008052627,0.049831718
20,"Gutierrez, Luis V.",Democrat,IL,482,478,G000535,115,4,0.000579123,0.000959123,0.003816866,0.005355112,0.046463786
21,"Hastings, Alcee L.",Democrat,FL,515,511,H000324,115,30,0.00434342,0.007177681,0.006969104,0.018490205,0.065065959
22,"Hoyer, Steny H.",Democrat,MD,570,566,H000874,115,7,0.001013465,0.001882567,0.000780675,0.003676707,0.026909795
23,"Jackson Lee, Sheila",Democrat,TX,593,588,J000032,115,41,0.005936007,0.005108326,0.005382436,0.016426769,0.057311339
24,"Johnson, Eddie Bernice",Democrat,TX,604,599,J000126,115,16,0.002316491,0.004260436,0.003821086,0.010398013,0.05273626
25,"Johnson, Sam",Republican,TX,608,603,J000174,115,35,0.005067323,0.006226953,0.002190109,0.013484385,0.052539915
26,"Jones, Walter B., Jr.",Republican,NC,617,612,J000255,115,19,0.002750832,0.003244648,0.005926798,0.011922278,0.050450944
27,"Kaptur, Marcy",Democrat,OH,621,616,K000009,115,21,0.003040394,0.002761938,0.004300041,0.010102373,0.054008951
28,"King, Peter T.",Republican,NY,640,635,K000210,115,28,0.004053858,0.007282618,0.003937132,0.015273609,0.060012049
29,"Levin, Sander M.",Democrat,MI,688,683,L000263,115,13,0.001882149,0.003318103,0.002605766,0.007806018,0.036871159
30,"Lewis, John",Democrat,GA,693,688,L000287,115,29,0.004198639,0.007408542,0.004781105,0.016388286,0.050749317
31,"LoBiondo, Frank A.",Republican,NJ,703,699,L000554,115,7,0.001013465,0.001045171,0.002641634,0.00470027,0.042113246
32,"Lofgren, Zoe",Democrat,CA,705,701,L000397,115,16,0.002316491,0.004801911,0.005937348,0.013055749,0.06409541
33,"Lowey, Nita M.",Democrat,NY,713,709,L000480,115,9,0.001303026,0.004810306,0.002981333,0.009094665,0.049983534
34,"Lucas, Frank D.",Republican,OK,715,711,L000491,115,4,0.000579123,0.000358884,0.001409434,0.002347441,0.019832659
35,"Maloney, Carolyn B.",Democrat,NY,733,729,M000087,115,41,0.005936007,0.013967096,0.004890822,0.024793925,0.05921171
36,"Nadler, Jerrold",Democrat,NY,854,850,N000002,115,22,0.003185174,0.008690871,0.004363339,0.016239384,0.054790782
37,"Neal, Richard E.",Democrat,MA,858,854,N000015,115,13,0.001882149,0.003339091,0.002196439,0.007417678,0.062492955
38,"Nolan, Richard M.",Democrat,MN,871,867,N000127,115,15,0.00217171,0.000686287,0.002270286,0.005128283,0.051974107
39,"Norton, Eleanor Holmes",Democrat,DC,872,868,N000147,115,32,0.004632981,0.00287527,0.009914569,0.01742282,0.0616229
40,"Pallone, Frank, Jr.",Democrat,NJ,891,887,P000034,115,26,0.003764297,0.004090439,0.002814649,0.010669385,0.050189793
41,"Pelosi, Nancy",Democrat,CA,909,905,P000197,115,0,0,0.000468018,0.000470515,0.000938533,0.009744203
42,"Peterson, Collin C.",Democrat,MN,914,910,P000258,115,8,0.001158245,0.001034677,0.003422309,0.005615232,0.044135429
43,"Price, David E.",Democrat,NC,934,930,P000523,115,11,0.001592587,0.001838494,0.003230305,0.006661386,0.05171665
44,"Rogers, Harold",Republican,KY,981,977,R000395,115,2,0.000289561,0.000285428,0.001358796,0.001933786,0.020006278
45,"Rohrabacher, Dana",Republican,CA,983,979,R000409,115,12,0.001737368,0.001439734,0.002061403,0.005238505,0.027964408
46,"Ros-Lehtinen, Ileana",Republican,FL,989,985,R000435,115,24,0.003474736,0.015243128,0.003048851,0.021766715,0.071843875
47,"Roybal-Allard, Lucille",Democrat,CA,1001,997,R000486,115,12,0.001737368,0.00417229,0.003656512,0.009566169,0.055946242
48,"Royce, Edward R.",Republican,CA,1002,998,R000487,115,33,0.004777762,0.009316294,0.002082503,0.016176559,0.076544496
49,"Rush, Bobby L.",Democrat,IL,1007,1003,R000515,115,15,0.00217171,0.002348487,0.004880272,0.009400469,0.052800169
50,"Sanford, Mark",Republican,SC,1016,1012,S000051,115,12,0.001737368,0.000778631,0.000651969,0.003167968,0.027312362
51,"Scott, Robert C. ""Bobby""",Democrat,VA,1043,1037,S000185,115,20,0.002895613,0.005685479,0.003460288,0.01204138,0.050880814
52,"Sensenbrenner, F. James, Jr.",Republican,WI,1048,1041,S000244,115,29,0.004198639,0.004833392,0.002194329,0.01122636,0.063872933
53,"Serrano, Jose E.",Democrat,NY,1049,1042,S000248,115,12,0.001737368,0.001880469,0.003907593,0.00752543,0.044131325
54,"Slaughter, Louise McIntosh",Democrat,NY,1076,1069,S000480,115,8,0.001158245,0.005504988,0.004601761,0.011264994,0.04945793
55,"Smith, Christopher H.",Republican,NJ,1078,1071,S000522,115,40,0.005791226,0.009882953,0.002639525,0.018313704,0.067019871
56,"Smith, Lamar",Republican,TX,1082,1075,S000583,115,11,0.001592587,0.004447224,0.002742911,0.008782722,0.068176148
57,"Thompson, Bennie G.",Democrat,MS,1158,1151,T000193,115,12,0.001737368,0.001506893,0.002801989,0.00604625,0.047101558
58,"Thornberry, Mac",Republican,TX,1162,1155,T000238,115,8,0.001158245,0.001441832,0.001373566,0.003973643,0.020870142
59,"Upton, Fred",Republican,MI,1184,1177,U000031,115,9,0.001303026,0.001416648,0.001620428,0.004340101,0.027961138
60,"Velazquez, Nydia M.",Democrat,NY,1191,1184,V000081,115,43,0.006225568,0.002774531,0.002783,0.011783099,0.06674486
61,"Visclosky, Peter J.",Democrat,IN,1195,1188,V000108,115,1,0.000144781,0.000188886,0.001293388,0.001627055,0.030741701
62,"Waters, Maxine",Democrat,CA,1212,1205,W000187,115,40,0.005791226,0.006487197,0.002783,0.015061423,0.05020023
63,"Young, Don",Republican,AK,1264,1256,Y000033,115,30,0.00434342,0.003414645,0.003268284,0.011026349,0.058786962
64,"Aderholt, Robert B.",Republican,AL,1276,1460,A000055,115,2,0.000289561,0.000369378,0.001447413,0.002106352,0.020486253
65,"Brady, Kevin",Republican,TX,1284,1468,B000755,115,12,0.001737368,0.005227954,0.001782892,0.008748214,0.023824582
66,"Brady, Robert A.",Democrat,PA,1285,1469,B001227,115,6,0.000868684,0.000875173,0.003688161,0.005432018,0.049961925
67,"Davis, Danny K.",Democrat,IL,1295,1477,D000096,115,17,0.002461271,0.00220997,0.003937132,0.008608374,0.04429676
68,"DeGette, Diana",Democrat,CO,1297,1479,D000197,115,12,0.001737368,0.004971908,0.002905376,0.009614652,0.050017832
69,"Granger, Kay",Republican,TX,1306,1487,G000377,115,3,0.000434342,0.001834296,0.001609878,0.003878516,0.01879443
70,"Kind, Ron",Democrat,WI,1316,1498,K000188,115,18,0.002606052,0.003278227,0.003618533,0.009502812,0.052900378
71,"Lee, Barbara",Democrat,CA,1319,1501,L000551,115,45,0.00651513,0.012302797,0.007659052,0.026476979,0.053239016
72,"McGovern, James P.",Democrat,MA,1322,1504,M000312,115,13,0.001882149,0.006163991,0.008355329,0.016401469,0.060613634
73,"Meeks, Gregory W.",Democrat,NY,1324,1506,M001137,115,15,0.00217171,0.002199477,0.004589101,0.008960288,0.049545682
74,"Pascrell, Bill, Jr.",Democrat,NJ,1328,1510,P000096,115,16,0.002316491,0.004934131,0.003816866,0.011067488,0.052808754
75,"Sessions, Pete",Republican,TX,1343,1525,S000250,115,11,0.001592587,0.002524781,0.003413869,0.007531237,0.042224069
76,"Sherman, Brad",Democrat,CA,1344,1526,S000344,115,10,0.001447807,0.00126344,0.003213426,0.005924672,0.04436512
77,"Shimkus, John",Republican,IL,1345,1527,S000364,115,5,0.000723903,0.001729359,0.002042414,0.004495677,0.039863461
78,"Smith, Adam",Democrat,WA,1346,1528,S000510,115,12,0.001737368,0.001890962,0.003289383,0.006917714,0.049600788
79,"Capuano, Michael E.",Democrat,MA,1366,1564,C001037,115,13,0.001882149,0.001846889,0.003924473,0.00765351,0.047400666
80,"Larson, John B.",Democrat,CT,1379,1583,L000557,115,7,0.001013465,0.006101029,0.003181777,0.010296271,0.052584864
81,"Schakowsky, Janice D.",Democrat,IL,1385,1588,S001145,115,26,0.003764297,0.006304607,0.006741232,0.016810135,0.054534657
82,"Simpson, Michael K.",Republican,ID,1387,1590,S001148,115,7,0.001013465,0.001391463,0.001772343,0.00417727,0.03199597
83,"Thompson, Mike",Democrat,CA,1390,1593,T000460,115,23,0.003329955,0.007607922,0.003380111,0.014317988,0.060437391
84,"Walden, Greg",Republican,OR,1393,1596,W000791,115,12,0.001737368,0.001905653,0.001692165,0.005335186,0.031360655
85,"Napolitano, Grace F.",Democrat,CA,1397,1602,N000179,115,8,0.001158245,0.002230958,0.005179882,0.008569085,0.053914345
86,"Crowley, Joseph",Democrat,NY,1398,1604,C001038,115,20,0.002895613,0.004260436,0.002964454,0.010120504,0.055188673
87,"Schiff, Adam B.",Democrat,CA,1406,1635,S001150,115,16,0.002316491,0.003551063,0.004080608,0.009948162,0.052407763
88,"Issa, Darrell E.",Republican,CA,1408,1640,I000056,115,29,0.004198639,0.002856381,0.001888389,0.008943409,0.047140691
89,"Davis, Susan A.",Democrat,CA,1409,1641,D000598,115,13,0.001882149,0.00447031,0.003221866,0.009574324,0.059465396
90,"McCollum, Betty",Democrat,MN,1421,1653,M001143,115,5,0.000723903,0.002396758,0.005422524,0.008543186,0.050740907
91,"Clay, Wm. Lacy",Democrat,MO,1422,1654,C001049,115,6,0.000868684,0.001601336,0.003975111,0.006445132,0.043042166
92,"Graves, Sam",Republican,MO,1424,1656,G000546,115,11,0.001592587,0.005975105,0.002074063,0.009641755,0.065490839
93,"Tiberi, Patrick J.",Republican,OH,1431,1664,T000462,115,17,0.002461271,0.004887959,0.002323035,0.009672265,0.067489115
94,"Langevin, James R.",Democrat,RI,1435,1668,L000559,115,38,0.005501665,0.002457621,0.003835856,0.011795142,0.055964489
95,"Culberson, John Abney",Republican,TX,1437,1670,C001048,115,4,0.000579123,0.000463821,0.002282946,0.00332589,0.022172961
96,"Larsen, Rick",Democrat,WA,1442,1675,L000560,115,10,0.001447807,0.002182687,0.002702822,0.006333316,0.045930198
97,"Shuster, Bill",Republican,PA,1445,1681,S001154,115,5,0.000723903,0.002862678,0.001753353,0.005339934,0.027294886
98,"Lynch, Stephen F.",Democrat,MA,1449,1686,L000562,115,21,0.003040394,0.003811307,0.002751351,0.009603051,0.074304238
99,"Wilson, Joe",Republican,SC,1451,1688,W000795,115,21,0.003040394,0.00493623,0.003576334,0.011552958,0.061694151
100,"Rogers, Mike D.",Republican,AL,1455,1704,R000575,115,7,0.001013465,0.000585548,0.001884169,0.003483181,0.020170706
101,"Franks, Trent",Republican,AZ,1458,1707,F000448,115,8,0.001158245,0.005549061,0.003863285,0.010570591,0.044468269
102,"Grijalva, Raul M.",Democrat,AZ,1459,1708,G000551,115,27,0.003909078,0.005985598,0.009201412,0.019096088,0.059733238
103,"Nunes, Devin",Republican,CA,1461,1710,N000181,115,12,0.001737368,0.002163798,0.001666846,0.005568012,0.025794255
104,"Diaz-Balart, Mario",Republican,FL,1468,1717,D000600,115,6,0.000868684,0.001093442,0.001888389,0.003850515,0.029224997
105,"Scott, David",Democrat,GA,1473,1722,S001157,115,7,0.001013465,0.000772335,0.002806209,0.004592009,0.047091809
106,"Bordallo, Madeleine Z.",Democrat,GU,1474,1723,B001245,115,11,0.001592587,0.001508992,0.004342239,0.007443819,0.04040914
107,"King, Steve",Republican,IA,1475,1724,K000362,115,33,0.004777762,0.006187077,0.002635305,0.013600144,0.037812934
108,"Ruppersberger, C. A. Dutch",Democrat,MD,1479,1728,R000576,115,4,0.000579123,0.000927642,0.002230198,0.003736962,0.043358914
109,"Pearce, Stevan",Republican,NM,1489,1738,P000588,115,12,0.001737368,0.00076394,0.002344134,0.004845442,0.032756603
110,"Turner, Michael R.",Republican,OH,1492,1741,T000463,115,9,0.001303026,0.003542668,0.002025534,0.006871229,0.039074605
111,"Cole, Tom",Republican,OK,1493,1742,C001053,115,7,0.001013465,0.001464919,0.003112149,0.005590532,0.04094144
112,"Murphy, Tim",Republican,PA,1495,1744,M001151,115,5,0.000723903,0.002877369,0.002133141,0.005734413,0.032500981
113,"Blackburn, Marsha",Republican,TN,1499,1748,B001243,115,26,0.003764297,0.005565851,0.004051069,0.013381217,0.046794444
114,"Hensarling, Jeb",Republican,TX,1500,1749,H001036,115,2,0.000289561,0.000818508,0.001947467,0.003055536,0.018012124
115,"Burgess, Michael C.",Republican,TX,1502,1751,B001248,115,20,0.002895613,0.004279325,0.002493939,0.009668877,0.036279906
116,"Carter, John R.",Republican,TX,1503,1752,C001051,115,7,0.001013465,0.003572051,0.002249187,0.006834702,0.027610476
117,"Bishop, Rob",Republican,UT,1504,1753,B001250,115,18,0.002606052,0.002686384,0.002690163,0.007982598,0.056927065
118,"Ryan, Tim",Democrat,OH,1505,1756,R000577,115,23,0.003329955,0.002172193,0.004873942,0.01037609,0.059035953
119,"Sanchez, Linda T.",Democrat,CA,1507,1757,S001156,115,20,0.002895613,0.006178682,0.003367451,0.012441746,0.054604796
120,"Butterfield, G. K.",Democrat,NC,1512,1761,B001251,115,2,0.000289561,0.002680087,0.002998213,0.005967862,0.035748117
121,"Costa, Jim",Democrat,CA,1513,1774,C001059,115,3,0.000434342,0.000803816,0.002656404,0.003894562,0.036212885
122,"Wasserman Schultz, Debbie",Democrat,FL,1516,1777,W000797,115,12,0.001737368,0.004331794,0.003778888,0.009848049,0.052593161
123,"Lipinski, Daniel",Democrat,IL,1520,1781,L000563,115,18,0.002606052,0.002881566,0.003513036,0.009000654,0.055775737
124,"Cleaver, Emanuel",Democrat,MO,1529,1790,C001061,115,1,0.000144781,0.000971715,0.002960234,0.00407673,0.036924291
125,"Foxx, Virginia",Republican,NC,1530,1791,F000450,115,12,0.001737368,0.0016622,0.001455853,0.004855421,0.032139006
126,"McHenry, Patrick T.",Republican,NC,1531,1792,M001156,115,12,0.001737368,0.001387265,0.001624647,0.004749281,0.042127879
127,"Fortenberry, Jeff",Republican,NE,1532,1793,F000449,115,8,0.001158245,0.003429337,0.002027644,0.006615226,0.046347979
128,"Higgins, Brian",Democrat,NY,1533,1794,H001038,115,8,0.001158245,0.001404055,0.003437079,0.005999379,0.04631891
129,"Dent, Charles W.",Republican,PA,1538,1799,D000604,115,8,0.001158245,0.004256239,0.001987556,0.00740204,0.070399034
130,"Gohmert, Louie",Republican,TX,1540,1801,G000552,115,12,0.001737368,0.002497497,0.002688053,0.006922918,0.029490216
131,"Poe, Ted",Republican,TX,1541,1802,P000592,115,44,0.006370349,0.008978398,0.003576334,0.018925081,0.059505859
132,"Green, Al",Democrat,TX,1542,1803,G000553,115,30,0.00434342,0.005775725,0.003194437,0.013313581,0.047144407
133,"McCaul, Michael T.",Republican,TX,1543,1804,M001157,115,30,0.00434342,0.005515481,0.003061511,0.012920412,0.075064783
134,"Conaway, K. Michael",Republican,TX,1544,1805,C001062,115,16,0.002316491,0.004415743,0.002555127,0.009287361,0.055010977
135,"Marchant, Kenny",Republican,TX,1545,1806,M001158,115,14,0.002026929,0.000875173,0.003057291,0.005959394,0.024619112
136,"Cuellar, Henry",Democrat,TX,1546,1807,C001063,115,9,0.001303026,0.001110232,0.001812431,0.004225689,0.02638122
137,"McMorris Rodgers, Cathy",Republican,WA,1548,1809,M001159,115,15,0.00217171,0.004631913,0.002449631,0.009253253,0.06230657
138,"Reichert, David G.",Republican,WA,1549,1810,R000578,115,22,0.003185174,0.006898549,0.00185252,0.011936244,0.07478166
139,"Moore, Gwen",Democrat,WI,1550,1811,M001160,115,18,0.002606052,0.002722062,0.0058635,0.011191614,0.051343622
140,"Matsui, Doris O.",Democrat,CA,1551,1814,M001163,115,8,0.001158245,0.002249846,0.003911813,0.007319905,0.047925382
141,"Sires, Albio",Democrat,NJ,1554,1818,S001165,115,10,0.001447807,0.002522682,0.004089048,0.008059536,0.044277991
142,"McNerney, Jerry",Democrat,CA,1558,1832,M001166,115,15,0.00217171,0.00108085,0.003312593,0.006565152,0.041796385
143,"McCarthy, Kevin",Republican,CA,1559,1833,M001165,115,10,0.001447807,0.001758742,0.000681508,0.003888056,0.063792963
144,"Lamborn, Doug",Republican,CO,1560,1834,L000564,115,17,0.002461271,0.003450324,0.003620643,0.009532238,0.043908963
145,"Perlmutter, Ed",Democrat,CO,1561,1835,P000593,115,7,0.001013465,0.001057764,0.002926475,0.004997703,0.051307798
146,"Courtney, Joe",Democrat,CT,1562,1836,C001069,115,12,0.001737368,0.006071647,0.004361229,0.012170243,0.057425788
147,"Bilirakis, Gus M.",Republican,FL,1564,1838,B001257,115,34,0.004922542,0.004678085,0.002721812,0.012322439,0.054781829
148,"Castor, Kathy",Democrat,FL,1565,1839,C001066,115,10,0.001447807,0.003026379,0.003038302,0.007512487,0.048713874
149,"Buchanan, Vern",Republican,FL,1566,1840,B001260,115,16,0.002316491,0.002906751,0.001806102,0.007029343,0.058687111
150,"Johnson, Henry C. ""Hank,"" Jr.",Democrat,GA,1569,1843,J000288,115,20,0.002895613,0.005645603,0.005070166,0.013611382,0.058286946
151,"Loebsack, David",Democrat,IA,1572,1846,L000565,115,13,0.001882149,0.001658002,0.004373888,0.007914039,0.045471797
152,"Roskam, Peter J.",Republican,IL,1574,1848,R000580,115,20,0.002895613,0.006562751,0.002249187,0.011707551,0.067331486
153,"Yarmuth, John A.",Democrat,KY,1579,1853,Y000062,115,8,0.001158245,0.001790223,0.003002433,0.005950901,0.046807167
154,"Sarbanes, John P.",Democrat,MD,1580,1854,S001168,115,8,0.001158245,0.003263536,0.002247077,0.006668859,0.048160794
155,"Walberg, Tim",Republican,MI,1582,1855,W000798,115,26,0.003764297,0.0024933,0.002143691,0.008401287,0.044852486
156,"Walz, Timothy J.",Democrat,MN,1583,1856,W000799,115,11,0.001592587,0.004275128,0.003337912,0.009205627,0.073642858
157,"Ellison, Keith",Democrat,MN,1584,1857,E000288,115,36,0.005212104,0.003292919,0.006260167,0.01476519,0.04897101
158,"Smith, Adrian",Republican,NE,1587,1860,S001172,115,11,0.001592587,0.001525782,0.001373566,0.004491935,0.031753539
159,"Shea-Porter, Carol",Democrat,NH,1588,1861,S001170,115,15,0.00217171,0.001101837,0.003941352,0.007214899,0.059392808
160,"Clarke, Yvette D.",Democrat,NY,1591,1864,C001067,115,23,0.003329955,0.002115527,0.005492152,0.010937634,0.05404344
161,"Jordan, Jim",Republican,OH,1595,1868,J000289,115,2,0.000289561,0.001538374,0.001772343,0.003600278,0.022250488
162,"Cohen, Steve",Democrat,TN,1605,1878,C001068,115,33,0.004777762,0.00578412,0.007684371,0.018246252,0.066336825
163,"Welch, Peter",Democrat,VT,1606,1879,W000800,115,29,0.004198639,0.002610829,0.004789545,0.011599013,0.054046903
164,"Tsongas, Niki",Democrat,MA,1610,1884,T000465,115,5,0.000723903,0.000852087,0.003306263,0.004882253,0.044329911
165,"Latta, Robert E.",Republican,OH,1611,1885,L000566,115,23,0.003329955,0.004044267,0.003192327,0.010566548,0.034502363
166,"Wittman, Robert J.",Republican,VA,1612,1886,W000804,115,19,0.002750832,0.001024184,0.003314703,0.007089719,0.037378803
167,"Foster, Bill",Democrat,IL,1613,1888,F000454,115,28,0.004053858,0.002029479,0.002268177,0.008351514,0.052861145
168,"Carson, Andre",Democrat,IN,1614,1889,C001072,115,12,0.001737368,0.002245649,0.004555342,0.008538359,0.052503218
169,"Speier, Jackie",Democrat,CA,1615,1890,S001175,115,29,0.004198639,0.007488294,0.003869615,0.015556548,0.05828954
170,"Scalise, Steve",Republican,LA,1617,1892,S001176,115,6,0.000868684,0.003567853,0.00153814,0.005974677,0.026729326
171,"Fudge, Marcia L.",Democrat,OH,1620,1895,F000455,115,10,0.001447807,0.002312808,0.003641742,0.007402357,0.040917525
172,"McClintock, Tom",Republican,CA,1624,1908,M001177,115,9,0.001303026,0.001966517,0.002618425,0.005887968,0.041867598
173,"Hunter, Duncan D.",Republican,CA,1625,1909,H001048,115,15,0.00217171,0.003962416,0.002318815,0.008452941,0.043775499
174,"Polis, Jared",Democrat,CO,1626,1910,P000598,115,25,0.003619516,0.004745245,0.004726247,0.013091008,0.058144925
175,"Coffman, Mike",Republican,CO,1628,1912,C001077,115,19,0.002750832,0.002312808,0.003460288,0.008523929,0.065481621
176,"Himes, James A.",Democrat,CT,1629,1913,H001047,115,14,0.002026929,0.000866778,0.002962344,0.005856052,0.047271457
177,"Posey, Bill",Republican,FL,1631,1915,P000599,115,19,0.002750832,0.004480804,0.00339699,0.010628626,0.045933034
178,"Rooney, Thomas J.",Republican,FL,1632,1916,R000583,115,8,0.001158245,0.001309612,0.002664844,0.005132701,0.031206549
179,"Jenkins, Lynn",Republican,KS,1637,1921,J000290,115,24,0.003474736,0.0061493,0.003137468,0.012761504,0.067503887
180,"Guthrie, Brett",Republican,KY,1638,1922,G000558,115,18,0.002606052,0.005769429,0.002398992,0.010774473,0.071100616
181,"Pingree, Chellie",Democrat,ME,1643,1927,P000597,115,13,0.001882149,0.00157825,0.004766336,0.008226735,0.055308095
182,"Paulsen, Erik",Republican,MN,1646,1930,P000594,115,39,0.005646446,0.009247036,0.002295606,0.017189087,0.075099004
183,"Luetkemeyer, Blaine",Republican,MO,1647,1931,L000569,115,16,0.002316491,0.004505989,0.00276823,0.00959071,0.035988289
184,"Harper, Gregg",Republican,MS,1648,1933,H001045,115,20,0.002895613,0.002501695,0.002352574,0.007749882,0.054184916
185,"Lance, Leonard",Republican,NJ,1651,1936,L000567,115,25,0.003619516,0.002833295,0.002947575,0.009400386,0.056887981
186,"Lujan, Ben Ray",Democrat,NM,1654,1939,L000570,115,39,0.005646446,0.002058861,0.002829418,0.010534725,0.050395036
187,"Titus, Dina",Democrat,NV,1655,1940,T000468,115,12,0.001737368,0.002612928,0.003012982,0.007363278,0.051661216
188,"Tonko, Paul",Democrat,NY,1657,1942,T000469,115,11,0.001592587,0.002214168,0.004584881,0.008391636,0.054047863
189,"Schrader, Kurt",Democrat,OR,1665,1950,S001180,115,14,0.002026929,0.002749346,0.002067733,0.006844008,0.049401592
190,"Thompson, Glenn",Republican,PA,1667,1952,T000467,115,14,0.002026929,0.002562558,0.00279355,0.007383037,0.05261328
191,"Roe, David P.",Republican,TN,1669,1954,R000582,115,30,0.00434342,0.006084239,0.003629082,0.014056741,0.067574366
192,"Olson, Pete",Republican,TX,1670,1955,O000168,115,12,0.001737368,0.004562655,0.003472948,0.00977297,0.041761282
193,"Chaffetz, Jason",Republican,UT,1671,1956,C001076,115,16,0.002316491,0.003962416,0.002071953,0.008350859,0.068132574
194,"Connolly, Gerald E.",Democrat,VA,1675,1959,C001078,115,27,0.003909078,0.003238351,0.004124916,0.011272346,0.064750508
195,"Sablan, Gregorio Kilili Camacho",Democrat,MP,1677,1962,S001177,115,3,0.000434342,0.001517387,0.002209098,0.004160827,0.026883464
196,"Quigley, Mike",Democrat,IL,1678,1967,Q000023,115,20,0.002895613,0.002411449,0.003770448,0.00907751,0.054969912
197,"Chu, Judy",Democrat,CA,1680,1970,C001080,115,24,0.003474736,0.003897355,0.005211531,0.012583622,0.055951113
198,"Garamendi, John",Democrat,CA,1681,1973,G000559,115,10,0.001447807,0.001798618,0.003732469,0.006978893,0.063115269
199,"Deutch, Theodore E.",Democrat,FL,1683,1976,D000610,115,19,0.002750832,0.003433534,0.003340022,0.009524388,0.052638337
200,"Graves, Tom",Republican,GA,1686,1979,G000560,115,3,0.000434342,0.001397759,0.001318707,0.003150808,0.016266662
201,"Reed, Tom",Republican,NY,1688,1982,R000585,115,29,0.004198639,0.006050659,0.001797662,0.01204696,0.05648874
202,"Roby, Martha",Republican,AL,1689,1986,R000591,115,5,0.000723903,0.00088147,0.001014877,0.00262025,0.017320648
203,"Brooks, Mo",Republican,AL,1690,1987,B001274,115,10,0.001447807,0.000619127,0.002002325,0.004069259,0.022744222
204,"Sewell, Terri A.",Democrat,AL,1691,1988,S001185,115,8,0.001158245,0.002528978,0.001979116,0.005666339,0.05613949
205,"Crawford, Eric A. ""Rick""",Republican,AR,1692,1989,C001087,115,11,0.001592587,0.001135417,0.001580339,0.004308343,0.030345257
206,"Womack, Steve",Republican,AR,1694,1991,W000809,115,6,0.000868684,0.001758742,0.001344026,0.003971452,0.02039067
207,"Gosar, Paul A.",Republican,AZ,1695,1992,G000565,115,23,0.003329955,0.004501791,0.002700713,0.010532459,0.039321016
208,"Schweikert, David",Republican,AZ,1697,1994,S001183,115,9,0.001303026,0.001124923,0.001831421,0.00425937,0.027030228
209,"Denham, Jeff",Republican,CA,1698,1995,D000612,115,11,0.001592587,0.002512188,0.001348246,0.005453022,0.067396559
210,"Bass, Karen",Democrat,CA,1699,1996,B001270,115,26,0.003764297,0.005664492,0.002964454,0.012393243,0.057413556
211,"Tipton, Scott  R.",Republican,CO,1700,1997,T000470,115,22,0.003185174,0.001744051,0.001998105,0.00692733,0.045346979
212,"Webster, Daniel",Republican,FL,1705,2002,W000806,115,4,0.000579123,0.00039876,0.001185782,0.002163664,0.02768664
213,"Ross, Dennis A.",Republican,FL,1706,2003,R000593,115,15,0.00217171,0.001588744,0.002559347,0.006319801,0.048575007
214,"Wilson, Frederica S.",Democrat,FL,1707,2004,W000808,115,11,0.001592587,0.00240935,0.00401942,0.008021357,0.045879573
215,"Woodall, Rob",Republican,GA,1711,2008,W000810,115,2,0.000289561,0.000759743,0.000719487,0.001768791,0.016418409
216,"Scott, Austin",Republican,GA,1712,2009,S001189,115,6,0.000868684,0.001101837,0.001939027,0.003909548,0.02941155
217,"Labrador, Raul R.",Republican,ID,1714,2011,L000573,115,8,0.001158245,0.001397759,0.001067625,0.00362363,0.02270407
218,"Kinzinger, Adam",Republican,IL,1717,2014,K000378,115,21,0.003040394,0.002434535,0.001898938,0.007373867,0.051633533
219,"Hultgren, Randy",Republican,IL,1718,2015,H001059,115,20,0.002895613,0.001592942,0.002050854,0.006539408,0.041364421
220,"Rokita, Todd",Republican,IN,1720,2017,R000592,115,18,0.002606052,0.002086145,0.002521368,0.007213565,0.042087264
221,"Bucshon, Larry",Republican,IN,1721,2018,B001275,115,12,0.001737368,0.001076652,0.001690055,0.004504075,0.03218191
222,"Yoder, Kevin",Republican,KS,1724,2021,Y000063,115,4,0.000579123,0.001920345,0.001711155,0.004210622,0.043884281
223,"Richmond, Cedric L.",Democrat,LA,1726,2023,R000588,115,11,0.001592587,0.002063059,0.002057183,0.005712829,0.070895438
224,"Keating, William R.",Democrat,MA,1728,2025,K000375,115,15,0.00217171,0.000688386,0.002913816,0.005773911,0.04675988
225,"Harris, Andy",Republican,MD,1729,2026,H001052,115,5,0.000723903,0.000644312,0.002050854,0.003419069,0.025790891
226,"Huizenga, Bill",Republican,MI,1731,2028,H001058,115,8,0.001158245,0.001370475,0.001951687,0.004480407,0.028348752
227,"Amash, Justin",Independent,MI,1732,2029,A000367,115,8,0.001158245,0.000942333,0.000523263,0.002623841,0.014389843
228,"Hartzler, Vicky",Republican,MO,1735,2032,H001053,115,13,0.001882149,0.001225663,0.002196439,0.00530425,0.03027467
229,"Long, Billy",Republican,MO,1736,2033,L000576,115,7,0.001013465,0.002140712,0.002247077,0.005401254,0.043946822
230,"Palazzo, Steven M.",Republican,MS,1738,2035,P000601,115,9,0.001303026,0.001145911,0.001890499,0.004339435,0.038460939
231,"Johnson, Bill",Republican,OH,1749,2046,J000292,115,12,0.001737368,0.00103048,0.003019312,0.00578716,0.044298019
232,"Stivers, Steve",Republican,OH,1750,2047,S001187,115,20,0.002895613,0.002163798,0.003120589,0.00818,0.051622395
233,"Renacci, James B.",Republican,OH,1751,2048,R000586,115,20,0.002895613,0.0041555,0.001770233,0.008821345,0.068319602
234,"Gibbs, Bob",Republican,OH,1752,2049,G000563,115,10,0.001447807,0.001303316,0.001797662,0.004548784,0.033093871
235,"Kelly, Mike",Republican,PA,1754,2051,K000376,115,29,0.004198639,0.004432533,0.002443301,0.011074473,0.075012981
236,"Meehan, Patrick",Republican,PA,1755,2052,M001181,115,15,0.00217171,0.002132317,0.001995995,0.006300022,0.052802567
237,"Marino, Tom",Republican,PA,1756,2053,M001179,115,22,0.003185174,0.002321203,0.001970676,0.007477054,0.040417234
238,"Barletta, Lou",Republican,PA,1757,2054,B001269,115,20,0.002895613,0.00144603,0.002234418,0.006576061,0.031199323
239,"Cicilline, David N.",Democrat,RI,1758,2055,C001084,115,50,0.007239033,0.007414838,0.004595431,0.019249303,0.059034656
240,"Duncan, Jeff",Republican,SC,1760,2057,D000615,115,9,0.001303026,0.001901456,0.002818869,0.006023351,0.037775306
241,"Gowdy, Trey",Republican,SC,1761,2058,G000566,115,2,0.000289561,0.000367279,0.001160462,0.001817303,0.011494533
242,"Noem, Kristi L.",Republican,SD,1763,2060,N000184,115,21,0.003040394,0.002663297,0.001521261,0.007224952,0.052017115
243,"Fleischmann, Charles J. ""Chuck""",Republican,TN,1764,2061,F000459,115,2,0.000289561,0.000698879,0.001310268,0.002298708,0.023128534
244,"DesJarlais, Scott",Republican,TN,1765,2062,D000616,115,6,0.000868684,0.000957024,0.0018483,0.003674008,0.023748064
245,"Black, Diane",Republican,TN,1766,2063,B001273,115,25,0.003619516,0.006575344,0.002012875,0.012207735,0.045524814
246,"Flores, Bill",Republican,TX,1768,2065,F000461,115,10,0.001447807,0.00117949,0.00215002,0.004777317,0.040468857
247,"Farenthold, Blake",Republican,TX,1770,2067,F000460,115,9,0.001303026,0.00063172,0.002599436,0.004534182,0.032573476
248,"Griffith, H. Morgan",Republican,VA,1773,2070,G000568,115,24,0.003474736,0.002887862,0.001417874,0.007780472,0.055293771
249,"Herrera Beutler, Jaime",Republican,WA,1774,2071,H001056,115,8,0.001158245,0.000923444,0.001160462,0.003242152,0.05204941
250,"Duffy, Sean P.",Republican,WI,1775,2072,D000614,115,22,0.003185174,0.001393561,0.001341917,0.005920652,0.030327332
251,"McKinley, David B.",Republican,WV,1777,2074,M001180,115,38,0.005501665,0.005463013,0.002274506,0.013239184,0.070899893
252,"Amodei, Mark E.",Republican,NV,1780,2090,A000369,115,7,0.001013465,0.000917148,0.001913708,0.003844321,0.034161072
253,"Bonamici, Suzanne",Democrat,OR,1782,2092,B001278,115,20,0.002895613,0.001120726,0.002831528,0.006847867,0.049742446
254,"Massie, Thomas",Republican,KY,1784,2094,M001184,115,8,0.001158245,0.001521584,0.000987448,0.003667278,0.032515868
255,"DelBene, Suzan K.",Democrat,WA,1786,2096,D000617,115,24,0.003474736,0.002764037,0.002409542,0.008648315,0.056961144
256,"Payne, Donald M., Jr.",Democrat,NJ,1787,2097,P000604,115,15,0.00217171,0.001380969,0.002618425,0.006171104,0.051362274
257,"Sinema, Kyrsten",Democrat,AZ,1789,2099,S001191,115,15,0.00217171,0.000495302,0.002384223,0.005051235,0.049535669
258,"LaMalfa, Doug",Republican,CA,1790,2100,L000578,115,15,0.00217171,0.001078751,0.002112042,0.005362502,0.044025389
259,"Huffman, Jared",Democrat,CA,1791,2101,H001068,115,31,0.0044882,0.002887862,0.003245075,0.010621138,0.055094405
260,"Bera, Ami",Democrat,CA,1792,2102,B001287,115,7,0.001013465,0.000367279,0.001438973,0.002819717,0.032611245
261,"Cook, Paul",Republican,CA,1793,2103,C001094,115,14,0.002026929,0.000784928,0.001690055,0.004501912,0.045584651
262,"Swalwell, Eric",Democrat,CA,1794,2104,S001193,115,15,0.00217171,0.001252946,0.002958124,0.00638278,0.058918448
263,"Valadao, David G.",Republican,CA,1795,2105,V000129,115,5,0.000723903,0.001523683,0.001519151,0.003766737,0.068995716
264,"Brownley, Julia",Democrat,CA,1796,2106,B001285,115,24,0.003474736,0.001422944,0.002985553,0.007883233,0.057830299
265,"Cardenas, Tony",Democrat,CA,1797,2107,C001097,115,28,0.004053858,0.003685383,0.002624755,0.010363996,0.058026496
266,"Ruiz, Raul",Democrat,CA,1799,2109,R000599,115,25,0.003619516,0.001278131,0.001715374,0.006613022,0.049364818
267,"Takano, Mark",Democrat,CA,1800,2110,T000472,115,24,0.003474736,0.001401956,0.003804207,0.008680899,0.053698446
268,"Lowenthal, Alan S.",Democrat,CA,1801,2111,L000579,115,17,0.002461271,0.002701075,0.003916033,0.009078379,0.058366223
269,"Vargas, Juan",Democrat,CA,1802,2112,V000130,115,11,0.001592587,0.000654806,0.002506599,0.004753992,0.038743078
270,"Peters, Scott H.",Democrat,CA,1803,2113,P000608,115,20,0.002895613,0.001553066,0.003135358,0.007584037,0.056664761
271,"Esty, Elizabeth H.",Democrat,CT,1804,2114,E000293,115,28,0.004053858,0.002314907,0.002396882,0.008765648,0.057452779
272,"Yoho, Ted S.",Republican,FL,1805,2115,Y000065,115,23,0.003329955,0.003488101,0.001896829,0.008714885,0.073794182
273,"DeSantis, Ron",Republican,FL,1806,2116,D000621,115,14,0.002026929,0.002495399,0.001162572,0.0056849,0.059512834
274,"Frankel, Lois",Democrat,FL,1809,2119,F000462,115,14,0.002026929,0.002195279,0.001974896,0.006197104,0.053105128
275,"Collins, Doug",Republican,GA,1811,2121,C001093,115,22,0.003185174,0.002570953,0.001048636,0.006804764,0.051095879
276,"Gabbard, Tulsi",Democrat,HI,1812,2122,G000571,115,22,0.003185174,0.001746149,0.001776562,0.006707886,0.05553065
277,"Davis, Rodney",Republican,IL,1816,2126,D000619,115,22,0.003185174,0.003028478,0.002137361,0.008351013,0.066853799
278,"Bustos, Cheri",Democrat,IL,1817,2127,B001286,115,21,0.003040394,0.001548868,0.001981226,0.006570488,0.047610042
279,"Walorski, Jackie",Republican,IN,1818,2128,W000813,115,15,0.00217171,0.001433438,0.001519151,0.005124298,0.045070332
280,"Brooks, Susan W.",Republican,IN,1819,2129,B001284,115,19,0.002750832,0.001880469,0.001498051,0.006129352,0.04477584
281,"Messer, Luke",Republican,IN,1820,2130,M001189,115,20,0.002895613,0.001464919,0.001778672,0.006139204,0.053261992
282,"Barr, Andy",Republican,KY,1821,2131,B001282,115,21,0.003040394,0.002170094,0.001704825,0.006915313,0.056885926
283,"Delaney, John K.",Democrat,MD,1822,2133,D000620,115,20,0.002895613,0.0016622,0.002124701,0.006682514,0.056510217
284,"Wagner, Ann",Republican,MO,1825,2137,W000812,115,15,0.00217171,0.00141245,0.001514931,0.005099091,0.055694506
285,"Hudson, Richard",Republican,NC,1827,2140,H001067,115,17,0.002461271,0.002105033,0.001426314,0.005992618,0.045316062
286,"Pittenger, Robert",Republican,NC,1828,2141,P000606,115,10,0.001447807,0.000891963,0.001715374,0.004055144,0.034267925
287,"Meadows, Mark",Republican,NC,1829,2142,M001187,115,32,0.004632981,0.001983307,0.002012875,0.008629162,0.038312813
288,"Holding, George",Republican,NC,1830,2143,H001065,115,12,0.001737368,0.001024184,0.00092204,0.003683592,0.034471685
289,"Cramer, Kevin",Republican,ND,1831,2144,C001096,115,18,0.002606052,0.001078751,0.002529808,0.006214611,0.053509466
290,"Kuster, Ann M.",Democrat,NH,1832,2145,K000382,115,23,0.003329955,0.000862581,0.002945465,0.007138001,0.052108178
291,"Lujan Grisham, Michelle",Democrat,NM,1833,2146,L000580,115,23,0.003329955,0.001328501,0.002331474,0.00698993,0.056399891
292,"Meng, Grace",Democrat,NY,1835,2148,M001188,115,37,0.005356884,0.002850085,0.00245807,0.01066504,0.060018066
293,"Jeffries, Hakeem S.",Democrat,NY,1836,2149,J000294,115,12,0.001737368,0.001171095,0.002095162,0.005003625,0.053196502
294,"Maloney, Sean Patrick",Democrat,NY,1837,2150,M001185,115,19,0.002750832,0.001546769,0.002325145,0.006622746,0.059943683
295,"Collins, Chris",Republican,NY,1838,2151,C001092,115,19,0.002750832,0.001655904,0.001801882,0.006208618,0.06156097
296,"Wenstrup, Brad R.",Republican,OH,1839,2152,W000815,115,12,0.001737368,0.000839495,0.001101384,0.003678247,0.050856498
297,"Beatty, Joyce",Democrat,OH,1840,2153,B001281,115,17,0.002461271,0.002600335,0.002751351,0.007812957,0.052535399
298,"Joyce, David P.",Republican,OH,1841,2154,J000295,115,10,0.001447807,0.000925543,0.001886279,0.004259629,0.052642437
299,"Bridenstine, Jim",Republican,OK,1842,2155,B001283,115,1,0.000144781,0.00026654,0.001097164,0.001508485,0.011984113
300,"Mullin, Markwayne",Republican,OK,1843,2156,M001190,115,19,0.002750832,0.000919247,0.001287058,0.004957138,0.039541295
301,"Perry, Scott",Republican,PA,1844,2157,P000605,115,13,0.001882149,0.000686287,0.001280729,0.003849164,0.028275451
302,"Rothfus, Keith J.",Republican,PA,1845,2158,R000598,115,14,0.002026929,0.000835297,0.001398885,0.004261111,0.035391925
303,"Cartwright, Matt",Democrat,PA,1846,2159,C001090,115,56,0.008107717,0.008285814,0.003633302,0.020026834,0.059570714
304,"Rice, Tom",Republican,SC,1847,2160,R000597,115,9,0.001303026,0.000906654,0.000869292,0.003078972,0.032946535
305,"O'Rourke, Beto",Democrat,TX,1849,2162,O000170,115,24,0.003474736,0.001017888,0.002185889,0.006678513,0.050082552
306,"Castro, Joaquin",Democrat,TX,1850,2163,C001091,115,19,0.002750832,0.0008311,0.001010657,0.00459259,0.039012511
307,"Williams, Roger",Republican,TX,1852,2165,W000816,115,10,0.001447807,0.001215169,0.001101384,0.00376436,0.04310629
308,"Veasey, Marc A.",Democrat,TX,1853,2166,V000131,115,16,0.002316491,0.001250847,0.002228088,0.005795426,0.050899424
309,"Vela, Filemon",Democrat,TX,1854,2167,V000132,115,5,0.000723903,0.000125924,0.001436863,0.002286691,0.038350353
310,"Stewart, Chris",Republican,UT,1855,2168,S001192,115,9,0.001303026,0.001863679,0.001413654,0.004580359,0.065498855
311,"Kilmer, Derek",Democrat,WA,1856,2169,K000381,115,29,0.004198639,0.001697878,0.003175447,0.009071965,0.061202106
312,"Heck, Denny",Democrat,WA,1857,2170,H001064,115,10,0.001447807,0.001051467,0.001875729,0.004375003,0.050872349
313,"Pocan, Mark",Democrat,WI,1858,2171,P000607,115,18,0.002606052,0.002917245,0.004215643,0.00973894,0.058818164
314,"Kelly, Robin L.",Democrat,IL,1860,2190,K000385,115,17,0.002461271,0.002703174,0.002088832,0.007253277,0.051154737
315,"Smith, Jason",Republican,MO,1861,2191,S001195,115,20,0.002895613,0.001099738,0.001208991,0.005204342,0.06030266
316,"Clark, Katherine M.",Democrat,MA,1863,2196,C001101,115,18,0.002606052,0.003166994,0.002409542,0.008182588,0.061110144
317,"Byrne, Bradley",Republican,AL,1864,2197,B001289,115,11,0.001592587,0.000929741,0.001417874,0.003940202,0.041063304
318,"Adams, Alma S.",Democrat,NC,1867,2201,A000370,115,23,0.003329955,0.001582448,0.001278619,0.006191022,0.048453953
319,"Brat, Dave",Republican,VA,1868,2203,B001290,115,21,0.003040394,0.000931839,0.001019097,0.00499133,0.046050797
320,"Abraham, Ralph Lee",Republican,LA,1869,,A000374,115,8,0.001158245,0.000528882,0.001133033,0.00282016,0.034173618
321,"Aguilar, Pete",Democrat,CA,1870,,A000371,115,8,0.001158245,0.000346292,0.001274399,0.002778936,0.045388198
322,"Allen, Rick W.",Republican,GA,1871,,A000372,115,5,0.000723903,0.000237157,0.001057076,0.002018136,0.025727781
323,"Arrington, Jodey C.",Republican,TX,1872,,A000375,115,8,0.001158245,7.77E-05,0.000352359,0.001588257,0.020449232
324,"Babin, Brian",Republican,TX,1874,,B001291,115,19,0.002750832,0.001467017,0.001464293,0.005682142,0.036138212
325,"Bacon, Don",Republican,NE,1875,,B001298,115,15,0.00217171,0.000346292,0.000666738,0.00318474,0.04468118
326,"Balderson, Troy",Republican,OH,1876,,B001306,115,0,0,0,1.90E-05,1.90E-05,0.002201784
327,"Banks, Jim",Republican,IN,1877,,B001299,115,19,0.002750832,0.000350489,0.00060977,0.003711092,0.037910266
328,"Barragan, Nanette Diaz",Democrat,CA,1878,,B001300,115,11,0.001592587,0.000405056,0.000962129,0.002959772,0.045910641
329,"Bergman, Jack",Republican,MI,1879,,B001301,115,8,0.001158245,0.000222466,0.000358688,0.0017394,0.030626328
330,"Beyer, Donald S., Jr.",Democrat,VA,1880,,B001292,115,15,0.00217171,0.002948726,0.001753353,0.006873789,0.052168271
331,"Biggs, Andy",Republican,AZ,1881,,B001302,115,20,0.002895613,0.00076394,0.000538033,0.004197586,0.036285951
332,"Bishop, Mike",Republican,MI,1882,,B001293,115,21,0.003040394,0.001863679,0.001278619,0.006182691,0.068643927
333,"Blum, Rod",Republican,IA,1883,,B001294,115,11,0.001592587,0.000186788,0.000860852,0.002640227,0.024440122
334,"Blunt Rochester, Lisa",Democrat,DE,1884,,B001303,115,5,0.000723903,0.000102838,0.000670958,0.0014977,0.041136968
335,"Bost, Mike",Republican,IL,1885,,B001295,115,11,0.001592587,0.000486907,0.000905161,0.002984655,0.04069497
336,"Boyle, Brendan F.",Democrat,PA,1886,,B001296,115,19,0.002750832,0.000497401,0.001706935,0.004955168,0.051908792
337,"Brown, Anthony G.",Democrat,MD,1887,,B001304,115,22,0.003185174,0.000971715,0.000755356,0.004912245,0.051737859
338,"Buck, Ken",Republican,CO,1888,,B001297,115,7,0.001013465,0.000321107,0.00061399,0.001948562,0.0200796
339,"Budd, Ted",Republican,NC,1889,,B001305,115,15,0.00217171,0.000247651,0.000472625,0.002891986,0.028013573
340,"Carbajal, Salud O.",Democrat,CA,1890,,C001112,115,15,0.00217171,0.000751348,0.000960019,0.003883077,0.055829006
341,"Carter, Earl L. ""Buddy""",Republican,GA,1891,,C001103,115,18,0.002606052,0.001221465,0.001147803,0.00497532,0.048703605
342,"Cheney, Liz",Republican,WY,1892,,C001109,115,7,0.001013465,8.81E-05,0.000217323,0.001318935,0.016362931
343,"Cloud, Michael",Republican,TX,1893,,C001115,115,0,0,0,5.91E-05,5.91E-05,0.004384794
344,"Comer, James",Republican,KY,1894,,C001108,115,5,0.000723903,0.00014901,0.000248972,0.001121886,0.025344914
345,"Comstock, Barbara",Republican,VA,1895,,C001105,115,19,0.002750832,0.001007394,0.001460073,0.005218299,0.064875122
346,"Correa, J. Luis",Democrat,CA,1896,,C001110,115,16,0.002316491,0.000635917,0.000774345,0.003726753,0.051440626
347,"Costello, Ryan A.",Republican,PA,1897,,C001106,115,10,0.001447807,0.000285428,0.001476952,0.003210187,0.041180051
348,"Crist, Charlie",Democrat,FL,1898,,C001111,115,13,0.001882149,0.000486907,0.000768015,0.003137071,0.055736634
349,"Curbelo, Carlos",Republican,FL,1899,,C001107,115,24,0.003474736,0.002065157,0.001474842,0.007014735,0.053207898
350,"Curtis, John R.",Republican,UT,1900,,C001114,115,8,0.001158245,9.44E-05,0.000215213,0.001467901,0.017028864
351,"Davidson, Warren",Republican,OH,1901,,D000626,115,13,0.001882149,0.00054777,0.000291171,0.00272109,0.030602007
352,"DeSaulnier, Mark",Democrat,CA,1902,,D000623,115,20,0.002895613,0.000879371,0.002390553,0.006165537,0.055434288
353,"Demings, Val Butler",Democrat,FL,1903,,D000627,115,6,0.000868684,0.00044913,0.000715267,0.002033081,0.050222574
354,"Dingell, Debbie",Democrat,MI,1904,,D000624,115,18,0.002606052,0.000671596,0.001782892,0.00506054,0.054622284
355,"Donovan, Daniel M., Jr.",Republican,NY,1905,,D000625,115,18,0.002606052,0.000384069,0.001215321,0.004205441,0.045943199
356,"Dunn, Neal P.",Republican,FL,1906,,D000628,115,13,0.001882149,0.000300119,0.000438866,0.002621134,0.030363033
357,"Emmer, Tom",Republican,MN,1907,,E000294,115,16,0.002316491,0.000551968,0.001000108,0.003868566,0.033628656
358,"Espaillat, Adriano",Democrat,NY,1908,,E000297,115,22,0.003185174,0.000822705,0.001101384,0.005109264,0.049448091
359,"Estes, Ron",Republican,KS,1909,,E000298,115,6,0.000868684,3.15E-05,0.000263741,0.001163906,0.017582447
360,"Evans, Dwight",Democrat,PA,1910,,E000296,115,8,0.001158245,1.89E-05,0.001316597,0.002493731,0.047994003
361,"Faso, John J.",Republican,NY,1911,,F000464,115,18,0.002606052,0.000407155,0.000713157,0.003726364,0.048562273
362,"Ferguson, A. Drew, IV",Republican,GA,1912,,F000465,115,9,0.001303026,0.000209874,0.000400887,0.001913787,0.02743991
363,"Fitzpatrick, Brian K.",Republican,PA,1913,,F000466,115,30,0.00434342,0.001171095,0.001154133,0.006668648,0.066764021
364,"Gaetz, Matt",Republican,FL,1914,,G000578,115,13,0.001882149,0.000426044,0.000685728,0.00299392,0.041420327
365,"Gallagher, Mike",Republican,WI,1915,,G000579,115,18,0.002606052,0.000656905,0.000495834,0.003758791,0.050863326
366,"Gallego, Ruben",Democrat,AZ,1916,,G000574,115,9,0.001303026,0.000577153,0.001630977,0.003511156,0.052166756
367,"Garrett, Thomas A., Jr.",Republican,VA,1917,,G000580,115,18,0.002606052,0.000537277,0.000485284,0.003628613,0.041470544
368,"Gianforte, Greg",Republican,MT,1918,,G000584,115,5,0.000723903,3.78E-05,0.00031649,0.00107817,0.022261324
369,"Gomez, Jimmy",Democrat,CA,1919,,G000585,115,6,0.000868684,0.000310613,0.000497944,0.001677241,0.035365202
370,"Gonzalez, Vicente",Democrat,TX,1920,,G000581,115,7,0.001013465,6.72E-05,0.000774345,0.001854969,0.043905468
371,"Gottheimer, Josh",Democrat,NJ,1922,,G000583,115,19,0.002750832,0.000316909,0.000544362,0.003612104,0.044784825
372,"Graves, Garret",Republican,LA,1924,,G000577,115,13,0.001882149,0.000635917,0.000409327,0.002927393,0.029153978
373,"Grothman, Glenn",Republican,WI,1925,,G000576,115,15,0.00217171,0.000386168,0.001344026,0.003901904,0.03734641
374,"Hanabusa, Colleen",Democrat,HI,1926,,H001050,115,13,0.001882149,0.000457525,0.000997998,0.003337671,0.052598134
375,"Handel, Karen C.",Republican,GA,1927,,H001078,115,2,0.000289561,1.68E-05,0.000248972,0.000555323,0.017464857
376,"Hern, Kevin",Republican,OK,1929,,H001082,115,0,0,0,6.33E-06,6.33E-06,0.000569268
377,"Hice, Jody B.",Republican,GA,1930,,H001071,115,15,0.00217171,0.000908753,0.001120374,0.004200837,0.032762192
378,"Higgins, Clay",Republican,LA,1931,,H001077,115,15,0.00217171,0.000300119,0.000335479,0.002807308,0.027448852
379,"Hill, J. French",Republican,AR,1932,,H001072,115,15,0.00217171,0.000371476,0.000784895,0.003328081,0.032884091
380,"Hollingsworth, Trey",Republican,IN,1933,,H001074,115,6,0.000868684,0.000100739,0.000242642,0.001212065,0.020206671
381,"Hurd, Will",Republican,TX,1934,,H001073,115,12,0.001737368,0.000562462,0.000645639,0.002945469,0.040761893
382,"Jayapal, Pramila",Democrat,WA,1935,,J000298,115,16,0.002316491,0.000975913,0.001382005,0.004674409,0.052129295
383,"Jenkins, Evan H.",Republican,WV,1936,,J000297,115,11,0.001592587,0.000495302,0.000704717,0.002792606,0.033092768
384,"Johnson, Mike",Republican,LA,1937,,J000299,115,6,0.000868684,0.000214071,0.00032071,0.001403465,0.023380936
385,"Jones, Brenda",Democrat,MI,1938,,J000303,115,2,0.000289561,4.20E-06,8.44E-06,0.000302199,0.001062668
386,"Katko, John",Republican,NY,1939,,K000386,115,30,0.00434342,0.001332698,0.001263849,0.006939967,0.057722481
387,"Kelly, Trent",Republican,MS,1940,,K000388,115,8,0.001158245,0.000161603,0.000601331,0.001921179,0.029021329
388,"Kennedy, Joseph P., III",Democrat,MA,1941,,K000379,115,13,0.001882149,0.001210971,0.001377785,0.004470905,0.054802036
389,"Khanna, Ro",Democrat,CA,1942,,K000389,115,16,0.002316491,0.001103936,0.001654186,0.005074613,0.058163626
390,"Kihuen, Ruben J.",Democrat,NV,1943,,K000390,115,8,0.001158245,5.88E-05,0.00061821,0.00183522,0.038446823
391,"Kildee, Daniel T.",Democrat,MI,1944,,K000380,115,12,0.001737368,0.001265539,0.001306048,0.004308954,0.048768174
392,"Knight, Stephen",Republican,CA,1945,,K000387,115,29,0.004198639,0.000667398,0.00093259,0.005798627,0.045635559
393,"Krishnamoorthi, Raja",Democrat,IL,1946,,K000391,115,20,0.002895613,0.000726163,0.000727926,0.004349703,0.052204104
394,"Kustoff, David",Republican,TN,1947,,K000392,115,7,0.001013465,0.000157405,0.000257412,0.001428282,0.024653186
395,"LaHood, Darin",Republican,IL,1948,,L000585,115,17,0.002461271,0.000703077,0.000557022,0.00372137,0.042907443
396,"Lamb, Conor",Democrat,PA,1949,,L000588,115,6,0.000868684,7.14E-05,0.000185674,0.001125715,0.021146101
397,"Lawrence, Brenda L.",Democrat,MI,1950,,L000581,115,19,0.002750832,0.001139614,0.001738584,0.00562903,0.049365484
398,"Lawson, Al, Jr.",Democrat,FL,1951,,L000586,115,14,0.002026929,0.000543573,0.000687838,0.00325834,0.045213711
399,"Lesko, Debbie",Republican,AZ,1952,,L000589,115,3,0.000434342,0.000107036,0.000202553,0.000743931,0.017990128
400,"Lewis, Jason",Republican,MN,1953,,L000587,115,8,0.001158245,0.000128023,0.000246862,0.00153313,0.024342068
401,"Lieu, Ted",Democrat,CA,1954,,L000582,115,31,0.0044882,0.002539472,0.00247706,0.009504732,0.060202053
402,"Loudermilk, Barry",Republican,GA,1955,,L000583,115,13,0.001882149,0.000512092,0.000816544,0.003210784,0.028650248
403,"Love, Mia B.",Republican,UT,1956,,L000584,115,18,0.002606052,0.000455426,0.000820763,0.003882241,0.032686486
404,"MacArthur, Thomas",Republican,NJ,1957,,M001193,115,19,0.002750832,0.000810113,0.001069735,0.00463068,0.047554762
405,"Marshall, Roger W.",Republican,KS,1958,,M001198,115,7,0.001013465,0.000201479,0.00060977,0.001824714,0.035825237
406,"Mast, Brian J.",Republican,FL,1959,,M001199,115,15,0.00217171,0.000342094,0.000508494,0.003022298,0.03739109
407,"McEachin, A. Donald",Democrat,VA,1960,,M001200,115,19,0.002750832,0.000751348,0.000692058,0.004194238,0.047293481
408,"McSally, Martha",Republican,AZ,1961,,M001197,115,28,0.004053858,0.002755642,0.000873512,0.007683012,0.066962623
409,"Mitchell, Paul",Republican,MI,1962,,M001201,115,7,0.001013465,0.000109134,0.000487394,0.001609993,0.031373877
410,"Moolenaar, John R.",Republican,MI,1963,,M001194,115,4,0.000579123,0.000100739,0.000776455,0.001456317,0.024909636
411,"Mooney, Alexander X.",Republican,WV,1964,,M001195,115,8,0.001158245,0.000917148,0.000962129,0.003037522,0.038459654
412,"Morelle, Joseph D.",Democrat,NY,1965,,M001206,115,1,0.000144781,6.30E-05,9.92E-05,0.00030691,0.013306655
413,"Moulton, Seth",Democrat,MA,1966,,M001196,115,18,0.002606052,0.001494301,0.00186729,0.005967642,0.062012662
414,"Murphy, Stephanie N.",Democrat,FL,1967,,M001202,115,16,0.002316491,0.001324303,0.000643529,0.004284323,0.05830189
415,"Newhouse, Dan",Republican,WA,1968,,N000189,115,10,0.001447807,0.000912951,0.001027537,0.003388294,0.044845719
416,"Norcross, Donald",Democrat,NJ,1969,,N000188,115,9,0.001303026,0.000142714,0.001415764,0.002861504,0.044948773
417,"Norman, Ralph",Republican,SC,1970,,N000190,115,14,0.002026929,0.000239256,0.000639309,0.002905495,0.031433341
418,"O'Halleran, Tom",Democrat,AZ,1971,,O000171,115,18,0.002606052,0.00038197,0.000696277,0.003684299,0.05107175
419,"Palmer, Gary J.",Republican,AL,1972,,P000609,115,7,0.001013465,0.001294921,0.000449415,0.002757801,0.029484818
420,"Panetta, Jimmy",Democrat,CA,1973,,P000613,115,9,0.001303026,0.000186788,0.000795444,0.002285258,0.045642884
421,"Plaskett, Stacey E.",Democrat,VI,1974,,P000610,115,9,0.001303026,0.000577153,0.000687838,0.002568016,0.02527149
422,"Poliquin, Bruce",Republican,ME,1975,,P000611,115,11,0.001592587,0.000289626,0.000997998,0.002880211,0.034517845
423,"Radewagen, Aumua Amata Coleman",Republican,AS,1976,,R000600,115,6,0.000868684,3.36E-05,0.000578121,0.001480385,0.02342577
424,"Raskin, Jamie",Democrat,MD,1977,,R000606,115,11,0.001592587,0.000583449,0.001797662,0.003973698,0.057288317
425,"Ratcliffe, John",Republican,TX,1978,,R000601,115,15,0.00217171,0.00106406,0.000852412,0.004088182,0.030027885
426,"Rice, Kathleen M.",Democrat,NY,1979,,R000602,115,17,0.002461271,0.000386168,0.001751243,0.004598682,0.047308357
427,"Rooney, Francis",Republican,FL,1980,,R000607,115,19,0.002750832,0.000298021,0.000455745,0.003504598,0.02755402
428,"Rosen, Jacky",Democrat,NV,1981,,R000608,115,19,0.002750832,0.00078073,0.000985338,0.004516901,0.06002256
429,"Rouzer, David",Republican,NC,1982,,R000603,115,6,0.000868684,0.00034839,0.001263849,0.002480923,0.029955463
430,"Russell, Steve",Republican,OK,1983,,R000604,115,14,0.002026929,0.000476413,0.000641419,0.003144762,0.028360399
431,"Rutherford, John H.",Republican,FL,1984,,R000609,115,12,0.001737368,0.000298021,0.000447306,0.002482694,0.035936417
432,"Ryan, Paul D.",Republican,WI,1985,,R000570,115,2,0.000289561,0.000100739,7.81E-05,0.000468368,0.00221491
433,"Scanlon, Mary Gay",Democrat,PA,1986,,S001205,115,0,0,0,2.95E-05,2.95E-05,0.002542251
434,"Schneider, Bradley Scott",Democrat,IL,1987,,S001190,115,30,0.00434342,0.000952827,0.000770125,0.006066371,0.060312613
435,"Smucker, Lloyd",Republican,PA,1988,,S001199,115,10,0.001447807,0.00026654,0.000443086,0.002157432,0.034779404
436,"Soto, Darren",Democrat,FL,1989,,S001200,115,18,0.002606052,0.00043234,0.0015508,0.004589191,0.056630212
437,"Stefanik, Elise M.",Republican,NY,1990,,S001196,115,21,0.003040394,0.002113428,0.00154025,0.006694072,0.070696584
438,"Suozzi, Thomas R.",Democrat,NY,1991,,S001201,115,8,0.001158245,0.000146912,0.000774345,0.002079502,0.043706656
439,"Taylor, Scott",Republican,VA,1993,,T000477,115,18,0.002606052,0.000509993,0.000244752,0.003360797,0.044465824
440,"Tenney, Claudia",Republican,NY,1994,,T000478,115,13,0.001882149,0.000228762,0.000582341,0.002693252,0.039653646
441,"Torres, Norma J.",Democrat,CA,1995,,T000474,115,26,0.003764297,0.000489006,0.0012322,0.005485503,0.045835263
442,"Trott, David A.",Republican,MI,1996,,T000475,115,10,0.001447807,0.000421846,0.000704717,0.00257437,0.041144012
443,"Walker, Mark",Republican,NC,1997,,W000819,115,12,0.001737368,0.000839495,0.000645639,0.003222502,0.029027482
444,"Walters, Mimi",Republican,CA,1998,,W000820,115,8,0.001158245,0.000304317,0.000673068,0.00213563,0.02348156
445,"Watson Coleman, Bonnie",Democrat,NJ,1999,,W000822,115,18,0.002606052,0.001244551,0.00216479,0.006015393,0.04934899
446,"Weber, Randy K., Sr.",Republican,TX,2000,,W000814,115,9,0.001303026,0.000562462,0.001443193,0.003308681,0.030715768
447,"Westerman, Bruce",Republican,AR,2001,,W000821,115,9,0.001303026,0.000339995,0.000974788,0.00261781,0.03491145
448,"Wild, Susan",Democrat,PA,2002,,W000826,115,0,0,0,2.74E-05,2.74E-05,0.002356138
449,"Young, David",Republican,IA,2003,,Y000066,115,15,0.00217171,0.000675793,0.001208991,0.004056494,0.049660338
450,"Zeldin, Lee M.",Republican,NY,2004,,Z000017,115,24,0.003474736,0.001553066,0.001114044,0.006141845,0.056705816
451,"Zinke, Ryan K.",Republican,MT,2005,,Z000018,115,0,0,0.000669497,0.000715267,0.001384764,0.000495984
